glucose_mM,target_yield_mM,ethanol_mM,lactate_mM,acetate_mM,toxicity_penalty,overall_rank
100,0.8113207250262738,0.0,0.0,0,0.0,1.0
50,0.4168161441217028,0.0,0.0,0,0.0,0.5137501499277054
20,0.17472335881092496,0.0,0.0,0,0.0,0.21535670595037087
10,0.08931118668261476,0.0,0.0,0,0.0,0.11008123412565665
